{
  "images" : [
    {
      "idiom" : "iphone",
      "scale" : "1x"
    },
    {
      "resizing" : {
        "mode" : "9-part",
        "center" : {
          "mode" : "tile",
          "width" : 1,
          "height" : 1
        },
        "cap-insets" : {
          "bottom" : 39,
          "top" : 55,
          "right" : 62,
          "left" : 65
        }
      },
      "idiom" : "iphone",
      "filename" : "message_sender_background_normal@2x.png",
      "scale" : "2x"
    },
    {
      "resizing" : {
        "mode" : "9-part",
        "center" : {
          "mode" : "tile",
          "width" : 1,
          "height" : 1
        },
        "cap-insets" : {
          "bottom" : 51,
          "top" : 92,
          "right" : 106,
          "left" : 86
        }
      },
      "idiom" : "iphone",
      "filename" : "message_sender_background_normal@3x.png",
      "scale" : "3x"
    }
  ],
  "info" : {
    "version" : 1,
    "author" : "xcode"
  }
}