{
  "images" : [
    {
      "idiom" : "iphone",
      "scale" : "1x"
    },
    {
      "resizing" : {
        "mode" : "9-part",
        "center" : {
          "mode" : "tile",
          "width" : 1,
          "height" : 1
        },
        "cap-insets" : {
          "bottom" : 36,
          "top" : 61,
          "right" : 72,
          "left" : 56
        }
      },
      "idiom" : "iphone",
      "filename" : "message_receiver_background_normal@2x.png",
      "scale" : "2x"
    },
    {
      "resizing" : {
        "mode" : "9-part",
        "center" : {
          "mode" : "tile",
          "width" : 1,
          "height" : 1
        },
        "cap-insets" : {
          "bottom" : 61,
          "top" : 85,
          "right" : 103,
          "left" : 94
        }
      },
      "idiom" : "iphone",
      "filename" : "message_receiver_background_normal@3x.png",
      "scale" : "3x"
    }
  ],
  "info" : {
    "version" : 1,
    "author" : "xcode"
  }
}