{
  "images" : [
    {
      "idiom" : "iphone",
      "scale" : "1x"
    },
    {
      "resizing" : {
        "mode" : "9-part",
        "center" : {
          "mode" : "tile",
          "width" : 1,
          "height" : 3
        },
        "cap-insets" : {
          "bottom" : 37,
          "top" : 58,
          "right" : 64,
          "left" : 58
        }
      },
      "idiom" : "iphone",
      "filename" : "message_receiver_background_highlight@2x.png",
      "scale" : "2x"
    },
    {
      "resizing" : {
        "mode" : "9-part",
        "center" : {
          "mode" : "tile",
          "width" : 1,
          "height" : 1
        },
        "cap-insets" : {
          "bottom" : 58,
          "top" : 88,
          "right" : 89,
          "left" : 104
        }
      },
      "idiom" : "iphone",
      "filename" : "message_receiver_background_highlight@3x.png",
      "scale" : "3x"
    }
  ],
  "info" : {
    "version" : 1,
    "author" : "xcode"
  }
}