{
  "images" : [
    {
      "idiom" : "iphone",
      "scale" : "1x"
    },
    {
      "resizing" : {
        "mode" : "9-part",
        "center" : {
          "mode" : "tile",
          "width" : 1,
          "height" : 1
        },
        "cap-insets" : {
          "bottom" : 37,
          "top" : 60,
          "right" : 68,
          "left" : 63
        }
      },
      "idiom" : "iphone",
      "filename" : "message_sender_background_highlight@2x.png",
      "scale" : "2x"
    },
    {
      "resizing" : {
        "mode" : "9-part",
        "center" : {
          "mode" : "tile",
          "width" : 1,
          "height" : 1
        },
        "cap-insets" : {
          "bottom" : 57,
          "top" : 89,
          "right" : 110,
          "left" : 87
        }
      },
      "idiom" : "iphone",
      "filename" : "message_sender_background_highlight@3x.png",
      "scale" : "3x"
    }
  ],
  "info" : {
    "version" : 1,
    "author" : "xcode"
  }
}